{
    "trackNodes": [
        {
            "position": {
                "x": -0.30000001192092898,
                "y": 0.0,
                "z": -1.5
            },
            "direction": {
                "x": -1.0,
                "y": 0.0,
                "z": -1.5
            },
            "up": {
                "x": 0.0,
                "y": 1.0,
                "z": 0.0
            },
            "scale": {
                "x": 1.0,
                "y": 1.0
            },
            "roll": 0.0,
            "Changed": {
                "m_PersistentCalls": {
                    "m_Calls": []
                }
            }
        },
        {
            "position": {
                "x": -1.899999976158142,
                "y": 0.0,
                "z": -1.5
            },
            "direction": {
                "x": -2.180000066757202,
                "y": 0.0,
                "z": -1.5
            },
            "up": {
                "x": 0.0,
                "y": 1.0,
                "z": 0.0
            },
            "scale": {
                "x": 1.0,
                "y": 1.0
            },
            "roll": 0.0,
            "Changed": {
                "m_PersistentCalls": {
                    "m_Calls": []
                }
            }
        },
        {
            "position": {
                "x": -2.4000000953674318,
                "y": 0.0,
                "z": -1.0
            },
            "direction": {
                "x": -2.4000000953674318,
                "y": 0.0,
                "z": -0.7200000286102295
            },
            "up": {
                "x": 0.0,
                "y": 1.0,
                "z": 0.0
            },
            "scale": {
                "x": 1.0,
                "y": 1.0
            },
            "roll": 0.0,
            "Changed": {
                "m_PersistentCalls": {
                    "m_Calls": []
                }
            }
        },
        {
            "position": {
                "x": -2.4000000953674318,
                "y": 0.0,
                "z": 1.0
            },
            "direction": {
                "x": -2.4000000953674318,
                "y": 0.0,
                "z": 1.2799999713897706
            },
            "up": {
                "x": 0.0,
                "y": 1.0,
                "z": 0.0
            },
            "scale": {
                "x": 1.0,
                "y": 1.0
            },
            "roll": 0.0,
            "Changed": {
                "m_PersistentCalls": {
                    "m_Calls": []
                }
            }
        },
        {
            "position": {
                "x": -1.899999976158142,
                "y": 0.0,
                "z": 1.5
            },
            "direction": {
                "x": -1.6200000047683716,
                "y": 0.0,
                "z": 1.5
            },
            "up": {
                "x": 0.0,
                "y": 1.0,
                "z": 0.0
            },
            "scale": {
                "x": 1.0,
                "y": 1.0
            },
            "roll": 0.0,
            "Changed": {
                "m_PersistentCalls": {
                    "m_Calls": []
                }
            }
        },
        {
            "position": {
                "x": 1.100000023841858,
                "y": 0.0,
                "z": 1.5
            },
            "direction": {
                "x": 1.3799999952316285,
                "y": 0.0,
                "z": 1.5
            },
            "up": {
                "x": 0.0,
                "y": 1.0,
                "z": 0.0
            },
            "scale": {
                "x": 1.0,
                "y": 1.0
            },
            "roll": 0.0,
            "Changed": {
                "m_PersistentCalls": {
                    "m_Calls": []
                }
            }
        },
        {
            "position": {
                "x": 2.5999999046325685,
                "y": 0.0,
                "z": 0.0
            },
            "direction": {
                "x": 2.5999999046325685,
                "y": 0.0,
                "z": -1.2999999523162842
            },
            "up": {
                "x": 0.0,
                "y": 1.0,
                "z": 0.0
            },
            "scale": {
                "x": 1.0,
                "y": 1.0
            },
            "roll": 0.0,
            "Changed": {
                "m_PersistentCalls": {
                    "m_Calls": []
                }
            }
        },
        {
            "position": {
                "x": 1.100000023841858,
                "y": 0.0,
                "z": -1.5
            },
            "direction": {
                "x": 0.8199999928474426,
                "y": 0.0,
                "z": -1.5
            },
            "up": {
                "x": 0.0,
                "y": 1.0,
                "z": 0.0
            },
            "scale": {
                "x": 1.0,
                "y": 1.0
            },
            "roll": 0.0,
            "Changed": {
                "m_PersistentCalls": {
                    "m_Calls": []
                }
            }
        },
        {
            "position": {
                "x": -0.30000001192092898,
                "y": 0.0,
                "z": -1.5
            },
            "direction": {
                "x": -1.0,
                "y": 0.0,
                "z": -1.5
            },
            "up": {
                "x": 0.0,
                "y": 1.0,
                "z": 0.0
            },
            "scale": {
                "x": 1.0,
                "y": 1.0
            },
            "roll": 0.0,
            "Changed": {
                "m_PersistentCalls": {
                    "m_Calls": []
                }
            }
        }
    ]
}
