{
    "trackNodes": [
        {
            "position": {
                "x": -0.30000001192092898,
                "y": 0.0,
                "z": -1.5
            },
            "direction": {
                "x": -1.7958688735961915,
                "y": 0.0,
                "z": -1.5140860080718995
            },
            "up": {
                "x": 0.0,
                "y": 1.0,
                "z": 0.0
            },
            "scale": {
                "x": 1.0,
                "y": 1.0
            },
            "roll": 0.0,
            "Changed": {
                "m_PersistentCalls": {
                    "m_Calls": []
                }
            }
        },
        {
            "position": {
                "x": -1.899999976158142,
                "y": 0.0,
                "z": -1.5
            },
            "direction": {
                "x": -2.180000066757202,
                "y": 0.0,
                "z": -1.5
            },
            "up": {
                "x": 0.0,
                "y": 1.0,
                "z": 0.0
            },
            "scale": {
                "x": 1.0,
                "y": 1.0
            },
            "roll": 0.0,
            "Changed": {
                "m_PersistentCalls": {
                    "m_Calls": []
                }
            }
        },
        {
            "position": {
                "x": -2.4000000953674318,
                "y": 0.0,
                "z": -1.0
            },
            "direction": {
                "x": -2.4000000953674318,
                "y": 0.0,
                "z": -0.7200000286102295
            },
            "up": {
                "x": 0.0,
                "y": 1.0,
                "z": 0.0
            },
            "scale": {
                "x": 1.0,
                "y": 1.0
            },
            "roll": 0.0,
            "Changed": {
                "m_PersistentCalls": {
                    "m_Calls": []
                }
            }
        },
        {
            "position": {
                "x": -1.0894734859466553,
                "y": 0.19961203634738923,
                "z": 1.406448483467102
            },
            "direction": {
                "x": 0.41075262427330019,
                "y": 0.19961203634738923,
                "z": 1.376679539680481
            },
            "up": {
                "x": 0.0,
                "y": 1.0,
                "z": 0.0
            },
            "scale": {
                "x": 1.0,
                "y": 1.0
            },
            "roll": 0.0,
            "Changed": {
                "m_PersistentCalls": {
                    "m_Calls": []
                }
            }
        },
        {
            "position": {
                "x": 1.9014637470245362,
                "y": 0.2192383110523224,
                "z": -1.4653992652893067
            },
            "direction": {
                "x": 3.774869918823242,
                "y": 0.2192383110523224,
                "z": -1.3703209161758423
            },
            "up": {
                "x": 0.0,
                "y": 1.0,
                "z": 0.0
            },
            "scale": {
                "x": 1.0,
                "y": 1.0
            },
            "roll": 0.0,
            "Changed": {
                "m_PersistentCalls": {
                    "m_Calls": []
                }
            }
        },
        {
            "position": {
                "x": 1.9500679969787598,
                "y": 0.0,
                "z": 1.3704004287719727
            },
            "direction": {
                "x": 0.3691469430923462,
                "y": 0.0,
                "z": 1.3078035116195679
            },
            "up": {
                "x": 0.0,
                "y": 1.0,
                "z": 0.0
            },
            "scale": {
                "x": 1.0,
                "y": 1.0
            },
            "roll": 0.0,
            "Changed": {
                "m_PersistentCalls": {
                    "m_Calls": []
                }
            }
        },
        {
            "position": {
                "x": -0.30000001192092898,
                "y": 0.0,
                "z": -1.5
            },
            "direction": {
                "x": -1.7958688735961915,
                "y": 0.0,
                "z": -1.5140860080718995
            },
            "up": {
                "x": 0.0,
                "y": 1.0,
                "z": 0.0
            },
            "scale": {
                "x": 1.0,
                "y": 1.0
            },
            "roll": 0.0,
            "Changed": {
                "m_PersistentCalls": {
                    "m_Calls": []
                }
            }
        }
    ]
}
