{
    "trackNodes": [
        {
            "position": {
                "x": -0.07018761336803436,
                "y": 0.0,
                "z": -1.6887174844741822
            },
            "direction": {
                "x": -0.3824892044067383,
                "y": 0.0,
                "z": -1.6887174844741822
            },
            "up": {
                "x": 0.0,
                "y": 1.0,
                "z": 0.0
            },
            "scale": {
                "x": 1.0,
                "y": 1.0
            },
            "roll": 0.0,
            "Changed": {
                "m_PersistentCalls": {
                    "m_Calls": []
                }
            }
        },
        {
            "position": {
                "x": -2.6032681465148927,
                "y": 0.0,
                "z": -1.6576638221740723
            },
            "direction": {
                "x": -3.503268241882324,
                "y": 0.0,
                "z": -1.6576638221740723
            },
            "up": {
                "x": 0.0,
                "y": 1.0,
                "z": 0.0
            },
            "scale": {
                "x": 1.0,
                "y": 1.0
            },
            "roll": 0.0,
            "Changed": {
                "m_PersistentCalls": {
                    "m_Calls": []
                }
            }
        },
        {
            "position": {
                "x": -3.5788216590881349,
                "y": 0.0,
                "z": -0.39308488368988039
            },
            "direction": {
                "x": -3.176191806793213,
                "y": 0.0,
                "z": 0.2890268564224243
            },
            "up": {
                "x": 0.0,
                "y": 1.0,
                "z": 0.0
            },
            "scale": {
                "x": 1.0,
                "y": 1.0
            },
            "roll": 0.0,
            "Changed": {
                "m_PersistentCalls": {
                    "m_Calls": []
                }
            }
        },
        {
            "position": {
                "x": -1.572329044342041,
                "y": 0.0,
                "z": 0.4814613461494446
            },
            "direction": {
                "x": -1.0355114936828614,
                "y": 0.0,
                "z": 0.5683221220970154
            },
            "up": {
                "x": 0.0,
                "y": 1.0,
                "z": 0.0
            },
            "scale": {
                "x": 1.0,
                "y": 1.0
            },
            "roll": 0.0,
            "Changed": {
                "m_PersistentCalls": {
                    "m_Calls": []
                }
            }
        },
        {
            "position": {
                "x": 1.2388041019439698,
                "y": 0.0,
                "z": 0.6729356050491333
            },
            "direction": {
                "x": 2.038803815841675,
                "y": 0.0,
                "z": 0.6729356050491333
            },
            "up": {
                "x": 0.0,
                "y": 1.0,
                "z": 0.0
            },
            "scale": {
                "x": 1.0,
                "y": 1.0
            },
            "roll": 0.0,
            "Changed": {
                "m_PersistentCalls": {
                    "m_Calls": []
                }
            }
        },
        {
            "position": {
                "x": 2.3448333740234377,
                "y": 0.7455881237983704,
                "z": 0.9328504800796509
            },
            "direction": {
                "x": 2.340942621231079,
                "y": 1.097874402999878,
                "z": 1.0702074766159058
            },
            "up": {
                "x": -1.0,
                "y": 0.0,
                "z": 0.25
            },
            "scale": {
                "x": 1.0,
                "y": 1.0
            },
            "roll": 0.0,
            "Changed": {
                "m_PersistentCalls": {
                    "m_Calls": []
                }
            }
        },
        {
            "position": {
                "x": 1.740249514579773,
                "y": 1.2661994695663453,
                "z": 1.3531956672668458
            },
            "direction": {
                "x": 1.4232501983642579,
                "y": 1.2228808403015137,
                "z": 1.5120906829833985
            },
            "up": {
                "x": 0.0,
                "y": -1.0,
                "z": 0.0
            },
            "scale": {
                "x": 1.0,
                "y": 1.0
            },
            "roll": 0.0,
            "Changed": {
                "m_PersistentCalls": {
                    "m_Calls": []
                }
            }
        },
        {
            "position": {
                "x": 1.3343180418014527,
                "y": 0.6698601841926575,
                "z": 1.5945097208023072
            },
            "direction": {
                "x": 1.3829318284988404,
                "y": 0.21730396151542664,
                "z": 1.70950448513031
            },
            "up": {
                "x": 1.0,
                "y": 0.0,
                "z": -0.20999999344348908
            },
            "scale": {
                "x": 1.0,
                "y": 1.0
            },
            "roll": 0.0,
            "Changed": {
                "m_PersistentCalls": {
                    "m_Calls": []
                }
            }
        },
        {
            "position": {
                "x": 2.700000047683716,
                "y": 0.0,
                "z": 1.6953082084655762
            },
            "direction": {
                "x": 3.5999999046325685,
                "y": 0.0,
                "z": 1.7341398000717164
            },
            "up": {
                "x": 0.0,
                "y": 1.0,
                "z": 0.0
            },
            "scale": {
                "x": 1.0,
                "y": 1.0
            },
            "roll": 0.0,
            "Changed": {
                "m_PersistentCalls": {
                    "m_Calls": []
                }
            }
        },
        {
            "position": {
                "x": 3.5,
                "y": 0.0,
                "z": 0.0
            },
            "direction": {
                "x": 3.5,
                "y": 0.0,
                "z": -0.8999999761581421
            },
            "up": {
                "x": 0.0,
                "y": 1.0,
                "z": 0.0
            },
            "scale": {
                "x": 1.0,
                "y": 1.0
            },
            "roll": 0.0,
            "Changed": {
                "m_PersistentCalls": {
                    "m_Calls": []
                }
            }
        },
        {
            "position": {
                "x": 1.5728610754013062,
                "y": 0.0,
                "z": -1.6838902235031129
            },
            "direction": {
                "x": 0.6728611588478088,
                "y": 0.0,
                "z": -1.6838902235031129
            },
            "up": {
                "x": 0.0,
                "y": 1.0,
                "z": 0.0
            },
            "scale": {
                "x": 1.0,
                "y": 1.0
            },
            "roll": 0.0,
            "Changed": {
                "m_PersistentCalls": {
                    "m_Calls": []
                }
            }
        },
        {
            "position": {
                "x": -0.07018761336803436,
                "y": 0.0,
                "z": -1.6887174844741822
            },
            "direction": {
                "x": -0.3824892044067383,
                "y": 0.0,
                "z": -1.6887174844741822
            },
            "up": {
                "x": 0.0,
                "y": 1.0,
                "z": 0.0
            },
            "scale": {
                "x": 1.0,