{
    "trackNodes": [
        {
            "position": {
                "x": -0.30000001192092898,
                "y": 0.0,
                "z": -1.5
            },
            "direction": {
                "x": -0.6123014688491821,
                "y": 0.0,
                "z": -1.5
            },
            "up": {
                "x": 0.0,
                "y": 1.0,
                "z": 0.0
            },
            "scale": {
                "x": 1.0,
                "y": 1.0
            },
            "roll": 0.0,
            "Changed": {
                "m_PersistentCalls": {
                    "m_Calls": []
                }
            }
        },
        {
            "position": {
                "x": -1.100000023841858,
                "y": 0.0,
                "z": -1.4999998807907105
            },
            "direction": {
                "x": -2.0,
                "y": 0.0,
                "z": -1.4999998807907105
            },
            "up": {
                "x": 0.0,
                "y": 1.0,
                "z": 0.0
            },
            "scale": {
                "x": 1.0,
                "y": 1.0
            },
            "roll": 0.0,
            "Changed": {
                "m_PersistentCalls": {
                    "m_Calls": []
                }
            }
        },
        {
            "position": {
                "x": -2.5999999046325685,
                "y": 0.0,
                "z": 0.0
            },
            "direction": {
                "x": -2.5999999046325685,
                "y": 0.0,
                "z": 0.8999999761581421
            },
            "up": {
                "x": 0.0,
                "y": 1.0,
                "z": 0.0
            },
            "scale": {
                "x": 1.0,
                "y": 1.0
            },
            "roll": 0.0,
            "Changed": {
                "m_PersistentCalls": {
                    "m_Calls": []
                }
            }
        },
        {
            "position": {
                "x": -1.100000023841858,
                "y": 0.0,
                "z": 1.5
            },
            "direction": {
                "x": -0.20000000298023225,
                "y": 0.0,
                "z": 1.5
            },
            "up": {
                "x": 0.0,
                "y": 1.0,
                "z": 0.0
            },
            "scale": {
                "x": 1.0,
                "y": 1.0
            },
            "roll": 0.0,
            "Changed": {
                "m_PersistentCalls": {
                    "m_Calls": []
                }
            }
        },
        {
            "position": {
                "x": 1.0999999046325684,
                "y": 0.0,
                "z": 1.5
            },
            "direction": {
                "x": 2.0,
                "y": 0.0,
                "z": 1.5
            },
            "up": {
                "x": 0.0,
                "y": 1.0,
                "z": 0.0
            },
            "scale": {
                "x": 1.0,
                "y": 1.0
            },
            "roll": 0.0,
            "Changed": {
                "m_PersistentCalls": {
                    "m_Calls": []
                }
            }
        },
        {
            "position": {
                "x": 2.5999999046325685,
                "y": 0.0,
                "z": 0.0
            },
            "direction": {
                "x": 2.5999999046325685,
                "y": 0.0,
                "z": -0.8999999761581421
            },
            "up": {
                "x": 0.0,
                "y": 1.0,
                "z": 0.0
            },
            "scale": {
                "x": 1.0,
                "y": 1.0
            },
            "roll": 0.0,
            "Changed": {
                "m_PersistentCalls": {
                    "m_Calls": []
                }
            }
        },
        {
            "position": {
                "x": 1.0999999046325684,
                "y": 0.0,
                "z": -1.4999998807907105
            },
            "direction": {
                "x": 0.20000000298023225,
                "y": 0.0,
                "z": -1.4999998807907105
            },
            "up": {
                "x": 0.0,
                "y": 1.0,
                "z": 0.0
            },
            "scale": {
                "x": 1.0,
                "y": 1.0
            },
            "roll": 0.0,
            "Changed": {
                "m_PersistentCalls": {
                    "m_Calls": []
                }
            }
        },
        {
            "position": {
                "x": -0.30000001192092898,
                "y": 0.0,
                "z": -1.5
            },
            "direction": {
                "x": -0.6123014688491821,
                "y": 0.0,
                "z": -1.5
            },
            "up": {
                "x": 0.0,
                "y": 1.0,
                "z": 0.0
            },
            "scale": {
                "x": 1.0,
                "y": 1.0
            },
            "roll": 0.0,
            "Changed": {
                "m_PersistentCalls": {
                    "m_Calls": []
                }
            }
        }
    ]
}
