{
    "trackNodes": [
        {
            "position": {
                "x": -0.30000001192092898,
                "y": 0.0,
                "z": -1.7000000476837159
            },
            "direction": {
                "x": -1.0,
                "y": 0.0,
                "z": -1.7000000476837159
            },
            "up": {
                "x": 0.0,
                "y": 1.0,
                "z": 0.0
            },
            "scale": {
                "x": 1.0,
                "y": 1.0
            },
            "roll": 0.0,
            "Changed": {
                "m_PersistentCalls": {
                    "m_Calls": []
                }
            }
        },
        {
            "position": {
                "x": -2.9000000953674318,
                "y": 0.0,
                "z": -1.7000000476837159
            },
            "direction": {
                "x": -3.200000047683716,
                "y": 0.0,
                "z": -1.7000000476837159
            },
            "up": {
                "x": 0.0,
                "y": 1.0,
                "z": 0.0
            },
            "scale": {
                "x": 1.0,
                "y": 1.0
            },
            "roll": 0.0,
            "Changed": {
                "m_PersistentCalls": {
                    "m_Calls": []
                }
            }
        },
        {
            "position": {
                "x": -3.4000000953674318,
                "y": 0.0,
                "z": -1.2000000476837159
            },
            "direction": {
                "x": -3.4000000953674318,
                "y": 0.0,
                "z": -0.8999999761581421
            },
            "up": {
                "x": 0.0,
                "y": 1.0,
                "z": 0.0
            },
            "scale": {
                "x": 1.0,
                "y": 1.0
            },
            "roll": 0.0,
            "Changed": {
                "m_PersistentCalls": {
                    "m_Calls": []
                }
            }
        },
        {
            "position": {
                "x": -3.1094553470611574,
                "y": 0.0,
                "z": -0.48939111828804018
            },
            "direction": {
                "x": -3.020383596420288,
                "y": 0.0,
                "z": -0.23334938287734986
            },
            "up": {
                "x": 0.0,
                "y": 1.0,
                "z": 0.0
            },
            "scale": {
                "x": 1.0,
                "y": 1.0
            },
            "roll": 0.0,
            "Changed": {
                "m_PersistentCalls": {
                    "m_Calls": []
                }
            }
        },
        {
            "position": {
                "x": -3.1359012126922609,
                "y": 0.0,
                "z": 0.3145703971385956
            },
            "direction": {
                "x": -3.297320604324341,
                "y": 0.0,
                "z": 0.6555601358413696
            },
            "up": {
                "x": 0.0,
                "y": 1.0,
                "z": 0.0
            },
            "scale": {
                "x": 1.0,
                "y": 1.0
            },
            "roll": 0.0,
            "Changed": {
                "m_PersistentCalls": {
                    "m_Calls": []
                }
            }
        },
        {
            "position": {
                "x": -3.4000000953674318,
                "y": 0.0,
                "z": 1.0
            },
            "direction": {
                "x": -3.4000000953674318,
                "y": 0.0,
                "z": 1.2999999523162842
            },
            "up": {
                "x": 0.0,
                "y": 1.0,
                "z": 0.0
            },
            "scale": {
                "x": 1.0,
                "y": 1.0
            },
            "roll": 0.0,
            "Changed": {
                "m_PersistentCalls": {
                    "m_Calls": []
                }
            }
        },
        {
            "position": {
                "x": -2.9000000953674318,
                "y": 0.0,
                "z": 1.5
            },
            "direction": {
                "x": -2.5999999046325685,
                "y": 0.0,
                "z": 1.5
            },
            "up": {
                "x": 0.0,
                "y": 1.0,
                "z": 0.0
            },
            "scale": {
                "x": 1.0,
                "y": 1.0
            },
            "roll": 0.0,
            "Changed": {
                "m_PersistentCalls": {
                    "m_Calls": []
                }
            }
        },
        {
            "position": {
                "x": -1.600000023841858,
                "y": 0.0,
                "z": 1.5
            },
            "direction": {
                "x": -1.2999999523162842,
                "y": 0.0,
                "z": 1.5
            },
            "up": {
                "x": 0.0,
                "y": 1.0,
                "z": 0.0
            },
            "scale": {
                "x": 1.0,
                "y": 1.0
            },
            "roll": 0.0,
            "Changed": {
                "m_PersistentCalls": {
                    "m_Calls": []
                }
            }
        },
        {
            "position": {
                "x": -1.100000023841858,
                "y": 0.0,
                "z": 1.0
            },
            "direction": {
                "x": -1.100000023841858,
                "y": 0.0,
                "z": 0.699999988079071
            },
            "up": {
                "x": 0.0,
                "y": 1.0,
                "z": 0.0
            },
            "scale": {
                "x": 1.0,
                "y": 1.0
            },
            "roll": 0.0,
            "Changed": {
                "m_PersistentCalls": {
                    "m_Calls": []
                }
            }
        },
        {
            "position": {
                "x": -1.600000023841858,
                "y": 0.0,
                "z": 0.5
            },
            "direction": {
                "x": -1.899999976158142,
                "y": 0.0,
                "z": 0.5
            },
            "up": {
                "x": 0.0,
                "y": 1.0,
                "z": 0.0
            },
            "scale": {
                "x": 1.0,
                "y": 1.0
            },
            "roll": 0.0,
            "Changed": {
                "m_PersistentCalls": {
                    "m_Calls": []
                }
            }
        },
        {
            "position": {
                "x": -2.0999999046325685,
                "y": 0.0,
                "z": 0.0
            },
            "direction": {
                "x": -2.0999999046325685,
                "y": 0.0,
                "z": -0.30000001192092898
            },
            "up": {
                "x": 0.0,
                "y": 1.0,
                "z": 0.0
            },
            "scale": {
                "x": 1.0,
                "y": 1.0
            },
            "roll": 0.0,
            "Changed": {
                "m_PersistentCalls": {
                    "m_Calls": []
                }
            }
        },
        {
            "position": {
                "x": -1.4723001718521119,
                "y": 0.0,
                "z": -0.7193102836608887
            },
            "direction": {
                "x": -1.0615839958190919,
                "y": 0.0,
                "z": -0.7152286767959595
            },
            "up": {
                "x": 0.0,
                "y": 1.0,
                "z": 0.0
            },
            "scale": {
                "x": 1.0,
                "y": 1.0
            },
            "roll": 0.0,